{"cameraMode":{"drawMode":0,"name":"Shaded","section":"Shading Mode"},"sceneLighting":true,"audioPlay":false,"sceneViewState":{"showFog":true,"showMaterialUpdate":false,"showSkybox":true,"showFlares":true,"showImageEffects":true,"showParticleSystems":true,"showVisualEffectGraphs":true,"m_FxEnabled":true},"in2DMode":false,"pivot":{"x":2.3932855129241945,"y":0.6264132261276245,"z":4.163520336151123},"rotation":{"x":-0.00879512820392847,"y":-0.3277168869972229,"z":0.003052191808819771,"w":-0.9447236061096191},"size":19.033554077148439,"orthographic":false}