{"cameraMode":{"drawMode":0,"name":"Shaded","section":"Shading Mode"},"sceneLighting":true,"audioPlay":false,"sceneViewState":{"showFog":true,"showMaterialUpdate":false,"showSkybox":true,"showFlares":true,"showImageEffects":true,"showParticleSystems":true,"showVisualEffectGraphs":true,"m_FxEnabled":true},"in2DMode":false,"pivot":{"x":2.3932855129241945,"y":0.6264132261276245,"z":4.163520336151123},"rotation":{"x":-0.05570095777511597,"y":-0.05329423025250435,"z":0.002978607779368758,"w":-0.9970134496688843},"size":20.40936279296875,"orthographic":false}